ID,Fish,Spot,Na23 ppm,Mg24 ppm,Ni61 ppm,Cu63 ppm,Rb85 ppm,Sr88 ppm,Ba138 ppm
LAR01 - 1.d,LAR01,1,3118,51.92,1.49,0.113,0.273,2160,2.001
LAR01 - 2.d,LAR01,2,2073,26.93,1.18,0.057,0.086,2715,3.272
LAR01 - 3.d,LAR01,3,1822,23.48,1.18,0.059,0.152,2821,213.2
LAR01 - 4.d,LAR01,4,1526,16.77,1.22,0.063,0.156,2397,72.2
LAR02 - 1.d,LAR02,1,3405,51.17,1.43,0.147,0.699,2176,1.789
LAR02 - 2.d,LAR02,2,3373,35.48,1.05,0.126,1.144,2831,94.5
LAR02 - 3.d,LAR02,3,2235,28.77,1.01,0.094,0.65,2255,70.7
LAR03 - 1.d,LAR03,1,2287,31.31,0.88,0.133,0.19,2047,1.071
LAR03 - 2.d,LAR03,2,2316,24.45,1.02,0.099,0.317,2377,2.261
LAR03 - 3.d,LAR03,3,1874,15.8,0.9,0.077,0.356,2436,93.6
LAR04 - 1.d,LAR04,1,3436,47.35,1.54,1.224,0.53,2276,4.588
LAR04 - 2.d,LAR04,2,2454,24.43,1.49,0.104,0.434,2225,9.31
LAR04 - 3.d,LAR04,3,2397,25.32,1.42,0.189,0.431,2337,36.09
LAR04 - 4.d,LAR04,4,2192,26.36,1.7,0.122,0.398,2916,221.7
LAR04 - 5.d,LAR04,5,2274,26.04,1.79,0.2,0.443,3624,82.42
LAR04 - 6.d,LAR04,6,2282,23.91,1.65,0.196,0.554,2518,118.9
LAR04 - 7.d,LAR04,7,2015,18.88,1.42,0.091,0.552,2136,68.1
LAR05 - 1.d,LAR05,1,2247,32.03,0.98,0.117,0.402,2948,15.21
LAR05 - 2.d,LAR05,2,2474,24.22,1.21,0.076,0.891,3607,30.52
LAR05 - 3.d,LAR05,3,2588,22.17,0.82,0.087,1.465,3816,29.05
LAR05 - 4.d,LAR05,4,2599,19.03,0.78,0.094,2.131,2477,101.1
LAR05 - 5.d,LAR05,5,2452,15.73,0.94,0.077,2.176,1978,86.79
LAR06 - 1.d,LAR06,1,4182,68.5,1.19,0.635,0.822,1871,1.971
LAR06 - 2.d,LAR06,2,3043,30.63,0.9,0.278,0.586,2900,21.06
LAR06 - 3.d,LAR06,3,2305,17.37,1.02,0.116,0.557,2378,61.53
LAR07 - 1.d,LAR07,1,2645,40.87,1.17,0.234,0.269,2038,3.706
LAR07 - 2.d,LAR07,2,2088,20.4,1.42,0.064,0.324,706.7,34.38
LAR07 - 3.d,LAR07,3,1852,16.47,1.12,0.048,0.404,452.3,12.97
LAR07 - 4.d,LAR07,4,2084,19.65,0.88,0.086,0.66,480.5,14.29
LAR07 - 5.d,LAR07,5,2099,18.11,0.78,0.07,0.883,889,42.31
LAR07 - 6.d,LAR07,6,1998,14.95,1.01,0.076,0.668,2110,105.9
LAR08 - 1.d,LAR08,1,2388,36.81,1.08,0.345,0.0462,2251,3.414
LAR08 - 2.d,LAR08,2,1739,23.37,0.95,0.095,0.0403,2714,5.622
LAR08 - 3.d,LAR08,3,1317,18.89,0.96,0.104,0.0291,3754,2.875
LAR08 - 4.d,LAR08,4,1332,15.53,0.97,0.139,0.0318,3541,4.382
LAR08 - 5.d,LAR08,5,1333,17.25,1.03,0.074,0.0409,3336,5.56
LAR09 - 1.d,LAR09,1,2529,40.73,0.73,0.156,0.0548,1933,2.769
LAR09 - 2.d,LAR09,2,1840,23.88,1.27,0.069,0.0461,2272,2.385
LAR09 - 3.d,LAR09,3,1515,18.89,1.17,0.069,0.0491,2973,2.53
LAR09 - 4.d,LAR09,4,1378,16.47,1.16,0.084,0.0456,3186,7.26
LAR10 - 1.d,LAR10,1,2568,39.9,1.6,0.981,0.0535,1801,1.816
LAR10 - 2.d,LAR10,2,1913,19.48,1.45,0.219,0.0496,2527,4.92
LAR10 - 3.d,LAR10,3,1656,18.2,1.75,0.098,0.0453,2767,3.366
LAR10 - 4.d,LAR10,4,1413,15.67,1.52,0.069,0.0364,3187,10.6
LAR10 - 5.d,LAR10,5,1340,16.09,1.15,0.084,0.0312,3334,4.342
LAR10 - 6.d,LAR10,6,1326,14.91,1.72,0.109,0.0285,3603,4.15
LAR10 - 7.d,LAR10,7,1353,15.45,1.47,0.077,0.0374,2975,7.54
LAR11 - 1.d,LAR11,1,2823,57.88,0.98,0.129,0.0445,1816,1.166
LAR11 - 10.d,LAR11,1,1357,14.14,1.14,0.092,0.0348,2808,8.06
LAR11 - 2.d,LAR11,2,1816,20.04,1.02,0.075,0.0479,2245,3.586
LAR11 - 3.d,LAR11,3,1393,17.87,1.16,0.12,0.0381,2929,10.96
LAR11 - 4.d,LAR11,4,1285,16.74,1.08,0.121,0.0345,3090,6.324
LAR11 - 5.d,LAR11,5,1459,15.44,0.92,0.08,0.0358,3080,6.51
LAR11 - 6.d,LAR11,6,1351,14.69,1.13,0.076,0.039,2907,3.114
LAR11 - 7.d,LAR11,7,1265,14.36,0.94,0.075,0.0431,3013,4.506
LAR11 - 8.d,LAR11,8,1297,13.64,0.8,0.052,0.0359,3038,4.368
LAR11 - 9.d,LAR11,9,1201,14.6,0.99,0.069,0.0354,2884,2.401
LAR12 - 1.d,LAR12,1,3012,56.39,0.77,0.142,0.0428,1882,5.4
LAR12 - 2.d,LAR12,2,1804,18.89,1.25,0.107,0.0295,3449,151.3
LAR12 - 3.d,LAR12,3,1680,21.34,0.96,0.084,0.0496,3516,478.6
LAR12 - 4.d,LAR12,4,1565,19.68,0.98,0.072,0.0443,3266,31.01
LAR13 - 1.d,LAR13,1,2555,39.63,0.82,0.171,0.0496,2064,2.496
LAR13 - 2.d,LAR13,2,1769,19.4,1.19,0.056,0.0325,2710,14.58
LAR13 - 3.d,LAR13,3,1737,22.05,0.84,0.063,0.0312,2659,9.11
LAR13 - 4.d,LAR13,4,1548,18.9,1.12,0.0641,0.0356,2850,3.73
LAR14 - 1.d,LAR14,1,3181,42.95,1.19,0.155,0.186,2376,1.942
LAR14 - 2.d,LAR14,2,2627,39.35,0.95,0.135,0.111,2387,1.554
LAR14 - 3.d,LAR14,3,1968,27.77,1.2,0.093,0.0527,2251,1.112
LAR14 - 4.d,LAR14,4,1934,23.31,1.17,0.083,0.167,2907,1.771
LAR15 - 1.d,LAR15,1,3096,55.07,1.15,0.344,0.119,1931,2.079
LAR15 - 2.d,LAR15,2,2422,29.99,0.88,0.086,0.16,2182,1.072
LAR15 - 3.d,LAR15,3,2144,27.36,1.28,0.072,0.14,2519,1.742
LAR15 - 4.d,LAR15,4,1981,24.38,1.07,0.067,0.139,3062,1.757
LAR16 - 1.d,LAR16,1,3367,51.84,1.17,0.129,0.21,2136,3.056
LAR16 - 2.d,LAR16,2,2915,36.21,0.89,0.131,0.147,2114,1.441
LAR16 - 3.d,LAR16,3,1906,22.45,1.38,0.072,0.106,3095,1.534
LAR17 - 1.d,LAR17,1,2987,44.25,1.53,0.343,0.165,2014,3.178
LAR17 - 2.d,LAR17,2,2828,30.42,1.57,0.171,0.142,2050,1.238
LAR17 - 3.d,LAR17,3,2489,23.87,1.68,0.134,0.151,2513,1.733
LAR17 - 4.d,LAR17,4,1985,19.84,1.61,0.107,0.121,2892,1.323
LAR18 - 1.d,LAR18,1,2528,33.85,1.07,0.224,0.11,2306,1.558
LAR18 - 2.d,LAR18,2,3743,55.41,1.23,0.206,0.238,1973,1.905
LAR18 - 3.d,LAR18,3,2327,25.2,1.02,0.098,0.132,2583,1.212
LAR19 - 1.d,LAR19,1,2863,39.33,0.96,0.157,0.121,1697,0.896
LAR19 - 2.d,LAR19,2,2457,26.6,1.03,0.091,0.225,2316,1.375
LAR19 - 3.d,LAR19,3,2267,20.61,0.88,0.086,0.265,2872,1.418
LAR20 - 1.d,LAR20,1,2586,34.96,1.3,0.106,0.125,2270,1.338
LAR20 - 2.d,LAR20,2,2134,23.18,1.3,0.12,0.107,2463,1.186
LAR20 - 3.d,LAR20,3,2274,18.49,1.06,0.087,0.2,2400,1.155
LAR21 - 1.d,LAR21,1,3009,50.47,1.06,0.141,0.0943,2269,17.88
LAR21 - 2.d,LAR21,2,2555,32.44,0.86,0.114,0.098,2422,2.126
LAR21 - 3.d,LAR21,3,1920,20.77,0.86,0.073,0.0686,2654,0.966
LAR22 - 1.d,LAR22,1,3433,60.2,1.54,2.96,0.146,1956,5.59
LAR22 - 2.d,LAR22,2,2708,30.88,1.4,0.22,0.143,2119,2.713
LAR22 - 3.d,LAR22,3,2317,22.4,1.66,0.172,0.106,2464,1.52
LAR22 - 4.d,LAR22,4,2097,20.26,1.4,0.12,0.122,2300,1.14
LAR23 - 1.d,LAR23,1,2227,39.91,1.11,0.151,0.0692,2578,1.254
LAR23 - 2.d,LAR23,2,3059,60.7,1.43,0.819,0.096,1792,2.451
LAR23 - 3.d,LAR23,3,1845,20.2,0.7,0.125,0.0794,2590,1.08
LAR24 - 1.d,LAR24,1,2422,34.92,0.96,0.22,0.1003,2171,0.984
LAR24 - 2.d,LAR24,2,2953,42.2,1.31,0.352,0.139,1998,1.295
LAR24 - 3.d,LAR24,3,1818,25.35,0.68,0.134,0.0665,2851,1.022
LAR25 - 1.d,LAR25,1,2083,28.48,1.13,0.124,0.08,2282,1.271
LAR25 - 2.d,LAR25,2,2999,37.24,1.12,0.161,0.161,2031,1.485
LAR25 - 3.d,LAR25,3,1725,22.2,1.28,0.122,0.0592,3161,1.019
LAR26 - 1.d,LAR26,1,3240,49.92,0.85,0.312,0.167,2261,16.41
LAR26 - 2.d,LAR26,2,2345,25.64,0.78,0.122,0.09,1898,0.897
LAR26 - 3.d,LAR26,3,1968,22.44,1.18,0.106,0.0881,2595,0.84
LAR27 - 1.d,LAR27,1,2608,40.38,1.36,0.214,0.0875,2280,2.098
LAR27 - 2.d,LAR27,2,2678,38.61,1.1,0.219,0.149,2133,2.035
LAR27 - 3.d,LAR27,3,1940,18.59,1.4,0.146,0.1124,2854,1.046
LAR28 - 1.d,LAR28,1,3115,44.67,1.5,0.308,0.125,2157,1.566
LAR28 - 2.d,LAR28,2,2759,36.46,1.47,0.216,0.144,2090,1.374
LAR28 - 3.d,LAR28,3,2166,23.15,1.71,0.104,0.096,2462,1.275
LAR28 - 4.d,LAR28,4,1903,23,1.26,0.101,0.0625,2876,0.923
LAR29 - 1.d,LAR29,1,2620,42.6,0.8,0.099,0.1086,2397,1.1
LAR29 - 2.d,LAR29,2,2528,33.41,1.11,0.117,0.085,2048,1
LAR29 - 3.d,LAR29,3,1973,21.84,0.71,0.097,0.102,2668,0.897
LAR30 - 1.d,LAR30,1,2976,44.29,1.29,0.275,0.14,2107,2.711
LAR30 - 2.d,LAR30,2,2398,28.11,1.25,0.117,0.12,1896,1.204
LAR30 - 3.d,LAR30,3,2356,22.45,1.29,0.084,0.145,2134,0.769
LAR30 - 4.d,LAR30,4,2070,18.39,1.06,0.089,0.148,2574,1.027
LAR31 - 1.d,LAR31,1,3158,65.38,1.22,0.165,0.14,1801,3.634
LAR31 - 2.d,LAR31,2,2246,26.62,0.76,0.06,0.0711,1746,0.82
LAR31 - 3.d,LAR31,3,2011,24.82,0.77,0.062,0.0674,2009,0.712
LAR31 - 4.d,LAR31,4,1889,20.8,0.84,0.071,0.0735,2381,0.816
LAR31 - 5.d,LAR31,5,1853,21.03,1.03,0.075,0.0746,2701,0.938
LAR31 - 6.d,LAR31,6,1836,20.77,0.97,0.075,0.0804,2676,0.925
LAR31 - 7.d,LAR31,7,1830,20.42,0.7,0.063,0.0671,2665,0.805
LAR32 - 1.d,LAR32,1,3545,61.8,1.04,0.195,0.194,1946,7.29
LAR32 - 2.d,LAR32,2,2338,24.58,1.01,0.091,0.112,1883,0.775
LAR32 - 3.d,LAR32,3,2082,23.24,1.01,0.079,0.0968,2017,0.602
LAR32 - 4.d,LAR32,4,2087,21.81,1.12,0.074,0.1207,2198,0.832
LAR32 - 5.d,LAR32,5,2014,21.96,0.94,0.087,0.115,2279,0.791
LAR32 - 6.d,LAR32,6,2020,20.52,1.53,0.071,0.109,2249,0.787
LAR32 - 7.d,LAR32,7,1937,20.96,1,0.121,0.1105,2394,0.728
LAR33 - 1.d,LAR33,1,2614,37.86,1.18,0.237,0.117,2080,2.763
LAR33 - 2.d,LAR33,2,2335,29.11,1,0.104,0.0611,2308,1.104
LAR33 - 3.d,LAR33,3,2268,23.38,0.99,0.085,0.0675,2543,2.318
LAR33 - 4.d,LAR33,4,2292,24.8,1.05,0.079,0.0768,2491,0.826
LAR33 - 5.d,LAR33,5,2151,22.4,1.51,0.087,0.0819,2713,0.896
LAR33 - 6.d,LAR33,6,2054,21.25,1.58,0.127,0.0816,2929,0.931
LAR34 - 1.d,LAR34,1,2497,39.63,1.57,0.199,0.0917,2048,2.78
LAR34 - 2.d,LAR34,2,2885,39.22,1.31,0.2,0.136,2304,9.86
LAR34 - 3.d,LAR34,3,2321,26.97,1.59,0.122,0.124,2384,1.367
LAR34 - 4.d,LAR34,4,1808,24.07,1.57,0.095,0.093,2539,0.88
LAR35 - 1.d,LAR35,1,2241,32.09,1.33,0.295,0.0432,2177,1.56
LAR35 - 2.d,LAR35,2,1524,15.39,1.33,0.107,0.0401,2786,1.128
LAR35 - 3.d,LAR35,3,1287,15.24,1.73,0.086,0.0311,3134,1.28
LAR35 - 4.d,LAR35,4,1250,13.78,1.25,0.092,0.0307,2652,0.982
LAR35 - 5.d,LAR35,5,1271,12.99,1.31,0.07,0.0579,2756,1.041
LAR35 - 6.d,LAR35,6,1316,12.96,1.1,0.066,0.0743,2652,0.679
LAR36 - 1.d,LAR36,1,2347,40.98,1.48,0.173,0.0446,2530,1.327
LAR36 - 2.d,LAR36,2,1904,22.99,1.09,0.084,0.0508,2179,1.278
LAR36 - 3.d,LAR36,3,1568,18.47,1.35,0.089,0.0424,2774,0.868
LAR36 - 4.d,LAR36,4,1464,17.14,1.41,0.074,0.0393,3047,0.772
LAR36 - 5.d,LAR36,5,1487,16.42,1.42,0.109,0.0493,2989,0.734
LAR37 - 1.d,LAR37,1,3065,61.9,0.8,0.203,0.0861,1813,3.299
LAR37 - 2.d,LAR37,2,2275,35.21,0.89,0.136,0.0886,2363,2.065
LAR37 - 3.d,LAR37,3,1950,23.54,0.97,0.075,0.0703,2498,1.145
LAR37 - 4.d,LAR37,4,1614,24.51,0.82,0.112,0.0585,2610,1.821
LAR38 - 1.d,LAR38,1,3533,70.25,1.38,0.453,0.203,1930,8.2
LAR38 - 2.d,LAR38,2,2307,30.46,0.99,0.148,0.0789,2663,2.075
LAR38 - 3.d,LAR38,3,2121,23.98,1.08,0.07,0.124,2176,1.551
LAR39 - 1.d,LAR39,1,2792,43.32,0.96,0.252,0.1103,2083,3.294
LAR39 - 2.d,LAR39,2,2252,31.09,0.83,0.093,0.1061,2162,1.196
LAR39 - 3.d,LAR39,3,2061,22.69,1.16,0.072,0.115,2326,1.723
LAR40 - 1.d,LAR40,1,2531,37.08,0.76,0.143,0.0719,2435,2.241
LAR40 - 2.d,LAR40,2,2335,28.68,0.7,0.116,0.0721,2293,1.583
LAR40 - 3.d,LAR40,3,2314,25.2,0.54,0.078,0.124,2197,1.905
LAR41 - 1.d,LAR41,1,2552,39.37,0.92,0.135,0.0511,1989,4.07
LAR41 - 2.d,LAR41,2,1935,25.85,0.99,0.064,0.0381,2605,19.9
LAR41 - 3.d,LAR41,3,1782,19.36,0.82,0.061,0.0459,2163,8.39
LAR41 - 4.d,LAR41,4,1377,17.36,0.95,0.061,0.0336,2451,4.934
LAR41 - 5.d,LAR41,5,1455,16.54,0.74,0.0627,0.0374,2626,3.391
LAR41 - 6.d,LAR41,6,1327,15.79,0.55,0.063,0.0351,2336,8.43
LAR41 - 7.d,LAR41,7,1287,15.41,0.91,0.058,0.04,2680,8.55
LAR42 - 1.d,LAR42,1,2919,59.45,0.77,0.142,0.0652,1802,2.461
LAR42 - 2.d,LAR42,2,1895,22.47,0.89,0.064,0.0458,2450,12.1
LAR42 - 3.d,LAR42,3,1552,20.2,0.93,0.051,0.0444,2779,10.15
LAR42 - 4.d,LAR42,4,1635,22.08,0.9,0.065,0.0456,2592,4.423
LAR42 - 5.d,LAR42,5,1505,17.58,0.97,0.0498,0.0514,2485,2.555
LAR42 - 6.d,LAR42,6,1474,18.07,0.6,0.057,0.0444,2693,12.12
LAR42 - 7.d,LAR42,7,1329,14.52,0.9,0.0545,0.0481,2762,4.929
LAR42 - 8.d,LAR42,8,1295,15.92,0.71,0.0606,0.0327,2722,6.67
LAR43 - 1.d,LAR43,1,2758,48.17,0.72,0.142,0.0505,2193,3.243
LAR43 - 10.d,LAR43,1,1200,14.4,0.66,0.071,0.0332,2598,4.696
LAR43 - 2.d,LAR43,2,1926,24.11,0.97,0.083,0.0437,2595,6.56
LAR43 - 3.d,LAR43,3,1697,18.82,0.58,0.064,0.0372,3347,11.95
LAR43 - 4.d,LAR43,4,1682,19.53,0.69,0.061,0.0421,3136,4.247
LAR43 - 5.d,LAR43,5,1535,18.94,0.96,0.073,0.0444,2674,4.281
LAR43 - 6.d,LAR43,6,1453,17.79,0.82,0.066,0.0408,2645,2.017
LAR43 - 7.d,LAR43,7,1326,17.45,0.62,0.0713,0.0434,2998,2.097
LAR43 - 8.d,LAR43,8,1363,17.8,0.57,0.071,0.0372,2413,16.15
LAR43 - 9.d,LAR43,9,1161,15.21,0.53,0.0532,0.0348,3041,5.13
LAR44 - 1.d,LAR44,1,2748,61.3,0.85,0.142,0.0567,1800,2.649
LAR44 - 2.d,LAR44,2,1680,18.05,0.79,0.065,0.0369,2239,3.084
LAR44 - 3.d,LAR44,3,1467,20.7,0.72,0.081,0.0285,3538,21.78
LAR44 - 4.d,LAR44,4,1403,17.82,0.43,0.076,0.0304,3941,9.71
LAR44 - 5.d,LAR44,5,1317,15.7,0.68,0.092,0.0253,3235,11.51
LAR44 - 6.d,LAR44,6,1125,15.11,0.72,0.074,0.0189,2931,6.494
LAR45 - 1.d,LAR45,1,2584,39.63,0.98,0.19,0.18,2049,2.59
LAR45 - 2.d,LAR45,2,1002.2,1205,0.85,0.055,0.127,184.9,0.263
LAR45 - 3.d,LAR45,3,2091,26.27,0.92,0.102,0.283,1537,110.2
LAR45 - 4.d,LAR45,4,1677,21.8,0.99,0.06,0.218,1961,14.12
LAR45 - 5.d,LAR45,5,1504,19.28,1.01,0.057,0.21,2688,6.71
LAR45 - 6.d,LAR45,6,1536,20.08,1.15,0.066,0.236,2382,24.5
LAR45 - 7.d,LAR45,7,1684,23.16,1.14,0.07,0.258,1594,52.19
LAR45 - 8.d,LAR45,8,1646,21.86,0.82,0.065,0.251,1591,40.17
LAR46 - 1.d,LAR46,1,2038,32.68,1,0.151,0.142,2333,1.632
LAR46 - 10.d,LAR46,1,1551,16.14,1.1,0.094,0.206,2039,25.41
LAR46 - 2.d,LAR46,2,1310,15.2,0.9,0.094,0.166,2710,5.66
LAR46 - 3.d,LAR46,3,1437,17.47,1.12,0.075,0.147,2267,31.17
LAR46 - 4.d,LAR46,4,1296,15.67,1.12,0.076,0.182,2273,13.07
LAR46 - 5.d,LAR46,5,1145,16.36,0.78,0.071,0.1528,2956,4.803
LAR46 - 6.d,LAR46,6,1370,16.81,0.8,Below LOD,0.193,2299,19.44
LAR46 - 7.d,LAR46,7,1356,16.23,1,0.08,0.158,2530,15.26
LAR46 - 8.d,LAR46,8,1274,15.61,0.79,0.068,0.152,2501,5.56
LAR46 - 9.d,LAR46,9,1345,16.92,0.94,0.115,0.17,2006,23.16
LAR47 - 1.d,LAR47,1,2926,74.9,0.88,0.264,0.367,1705,1.499
LAR47 - 10.d,LAR47,1,1815,23.33,0.85,0.088,0.557,1284,65.46
LAR47 - 11.d,LAR47,1,1799,21.21,1.12,0.078,0.556,965,26.97
LAR47 - 2.d,LAR47,2,1991,26.95,1,0.081,0.52,2102,49.25
LAR47 - 3.d,LAR47,3,1780,24.35,0.96,0.068,0.54,1456,40.48
LAR47 - 4.d,LAR47,4,1748,27.29,1.13,0.072,0.474,1703,22.52
LAR47 - 5.d,LAR47,5,1662,22.96,1.01,0.065,0.595,2173,6.66
LAR47 - 6.d,LAR47,6,1741,20.55,1.21,0.065,0.605,2091,3.831
LAR47 - 7.d,LAR47,7,1738,21.51,1.14,0.078,0.576,2657,3.758
LAR47 - 8.d,LAR47,8,1559,21.81,0.79,0.063,0.597,2564,2.356
LAR47 - 9.d,LAR47,9,1807,21.15,0.76,0.086,0.6,1581,54.18
LAR48 - 1.d,LAR48,1,2261,38.19,0.92,0.264,0.106,2081,1.807
LAR48 - 2.d,LAR48,2,2091,27.01,1.12,0.085,0.153,2695,23.91
LAR48 - 3.d,LAR48,3,1875,22.87,1.09,0.089,0.232,1190,39.03
LAR48 - 4.d,LAR48,4,1358,19.64,0.7,0.062,0.118,2522,5.95
LAR48 - 5.d,LAR48,5,1533,21.11,0.94,0.066,0.132,2766,11.53
LAR48 - 6.d,LAR48,6,1510,18.93,1.01,0.088,0.168,2657,23.35
LAR48 - 7.d,LAR48,7,1373,18.3,1.27,0.073,0.151,2787,7.62
LAR48 - 8.d,LAR48,8,1476,19.25,0.83,0.085,0.187,2163,32.54
LAR49 - 1.d,LAR49,1,2400,46,1.08,0.197,0.0863,2588,12.22
LAR49 - 2.d,LAR49,2,2190,32.23,0.98,0.093,0.0927,1989,1.519
LAR49 - 3.d,LAR49,3,2256,30.22,1.22,0.085,0.1045,2902,23.62
LAR49 - 4.d,LAR49,4,2135,29.23,1.14,0.106,0.122,2100,50.77
LAR49 - 5.d,LAR49,5,1977,27.54,1.05,0.075,0.113,1763,29.39
LAR49 - 6.d,LAR49,6,1974,24.79,1.05,0.074,0.123,1482,27.92
LAR49 - 7.d,LAR49,7,1913,24.39,1.08,0.081,0.113,2126,5.82
LAR50 - 1.d,LAR50,1,2736,37.98,1.05,0.285,0.14,2074,5.62
LAR50 - 2.d,LAR50,2,2226,25.09,0.8,0.087,0.1057,2717,2.309
LAR50 - 3.d,LAR50,3,2221,24.27,0.97,0.078,0.123,3412,31.95
LAR50 - 4.d,LAR50,4,2097,24.61,0.89,0.075,0.116,3169,11.86
LAR50 - 5.d,LAR50,5,2124,27.27,1,0.092,0.121,1933,30.47
LAR50 - 6.d,LAR50,6,2060,23.56,1.08,0.085,0.122,2293,13.35
LAR50 - 7.d,LAR50,7,1790,19.63,0.85,0.089,0.1275,2236,4.78
LAR51 - 1.d,LAR51,1,2824,55.12,1.41,0.233,1.239,2258,3.01
LAR51 - 2.d,LAR51,2,2144,42.4,1.15,0.108,0.994,1126,110.2
LAR51 - 3.d,LAR51,3,1581,20.43,1.15,0.073,0.915,799,33.35
LAR51 - 4.d,LAR51,4,1556,22.64,1.37,0.077,0.897,825,45.01
LAR51 - 5.d,LAR51,5,1553,21.53,1.15,0.088,0.876,805,36.45
LAR51 - 6.d,LAR51,6,1423,24.9,1.31,0.069,0.891,787,35
LAR52 - 1.d,LAR52,1,2681,40.31,1.2,0.172,0.911,1656,2.375
LAR52 - 2.d,LAR52,2,2824,41.84,0.81,0.107,1.255,1801,3.021
LAR52 - 3.d,LAR52,3,1947,19.97,1.12,0.061,1.101,1132,88.57
LAR52 - 4.d,LAR52,4,1653,16.18,0.99,0.084,1.186,897,63.97
LAR52 - 5.d,LAR52,5,1612,16.63,1.31,0.091,1.183,763,51.32
LAR52 - 6.d,LAR52,6,1534,18.2,0.88,0.067,1.062,919,71.05
LAR53 - 1.d,LAR53,1,2473,37.96,1.02,0.177,0.912,1990,13.53
LAR53 - 10.d,LAR53,1,1537,19.84,1.41,0.097,0.899,767,37.6
LAR53 - 11.d,LAR53,1,1307,19.8,0.96,0.092,0.59,844,53.79
LAR53 - 2.d,LAR53,2,2085,22.76,1.2,0.059,1.011,1160,149.6
LAR53 - 3.d,LAR53,3,1820,22.04,1.22,0.063,0.845,1073,88.97
LAR53 - 4.d,LAR53,4,1720,18.62,0.89,0.053,1.113,913,67.03
LAR53 - 5.d,LAR53,5,1577,20.55,1.21,0.062,0.954,757.3,50.29
LAR53 - 6.d,LAR53,6,1721,21.58,1.05,0.07,0.832,952,82.43
LAR53 - 7.d,LAR53,7,1648,22.44,1.03,0.066,0.851,1053,99.8
LAR53 - 8.d,LAR53,8,1435,18.19,1.23,0.047,0.821,837,46.6
LAR53 - 9.d,LAR53,9,1297,19.72,0.96,0.074,0.757,713.6,35.58
LAR54 - 1.d,LAR54,1,2328,34.17,1.03,0.151,1.068,2037,0.919
LAR54 - 2.d,LAR54,2,2233,25.02,0.94,0.06,1.07,2005,1.149
LAR54 - 3.d,LAR54,3,2140,24.14,1.06,0.063,1.067,2279,5.05
LAR54 - 4.d,LAR54,4,2082,24.12,1.15,0.064,1.177,1302,90
LAR54 - 5.d,LAR54,5,2198,23.24,1,0.07,1.363,1193,115.7
LAR54 - 6.d,LAR54,6,1896,19.89,1.51,0.053,1.385,952,59.47
LAR54 - 7.d,LAR54,7,1746,19.22,1.09,0.072,1.355,896.6,32.72
LAR54 - 8.d,LAR54,8,1748,19.57,1.42,0.081,1.534,1043,41.39
LAR55 - 1.d,LAR55,1,2726,39.59,1.06,0.253,1.002,2388,6.23
LAR55 - 2.d,LAR55,2,2045,20.14,1.14,0.133,1.227,1284,92.7
LAR55 - 3.d,LAR55,3,1765,18.36,1.34,0.077,1.262,744.4,37.82
LAR55 - 4.d,LAR55,4,1932,20.63,0.99,0.07,1.417,1291,74.31
LAR55 - 5.d,LAR55,5,1738,14.71,0.96,0.062,1.408,844.5,49.5
LAR55 - 6.d,LAR55,6,1656,16.57,1.29,0.082,1.406,875,56.82
LAR56 - 1.d,LAR56,1,3072,45.77,1.68,0.16,2.382,2079,1.868
LAR56 - 2.d,LAR56,2,2558,25.85,1.44,0.103,2.151,2167,8.89
LAR56 - 3.d,LAR56,3,1787,18.84,1.23,0.074,1.211,1876,19.31
LAR56 - 4.d,LAR56,4,1745,22.74,1.29,0.057,1.155,925,52.34
LAR57 - 1.d,LAR57,1,2022,34.62,1.88,0.128,0.0476,4263,58.85
LAR57 - 2.d,LAR57,2,2383,33.49,1.22,0.13,0.0516,4151,53.12
LAR57 - 3.d,LAR57,3,1401,18.05,1.15,0.093,0.0354,2345,2.873
LAR57 - 4.d,LAR57,4,1231,16.28,0.94,0.074,0.0404,2729,1.139
LAR57 - 5.d,LAR57,5,1301,16.64,1.33,0.084,0.0313,2652,1.465
LAR58 - 1.d,LAR58,1,2793,47.25,1.68,0.212,0.0391,2096,10.96
LAR58 - 2.d,LAR58,2,1703,17.66,1.47,0.084,0.0407,1626,7.6
LAR58 - 3.d,LAR58,3,1690,20.11,1.28,0.126,0.0408,2372,5.455
LAR58 - 4.d,LAR58,4,1607,16.95,1.43,0.131,0.0421,2387,2.275
LAR58 - 5.d,LAR58,5,1493,14.41,1.54,0.094,0.042,2575,3.618
LAR58 - 6.d,LAR58,6,1356,14.29,1.34,0.231,0.044,2694,1.627
LAR59 - 1.d,LAR59,1,2252,33.75,1.33,0.245,0.0418,2234,8.01
LAR59 - 2.d,LAR59,2,1258,15.69,1.33,0.097,0.0375,2979,5.32
LAR59 - 3.d,LAR59,3,1361,17.31,1.23,0.09,0.0338,2438,2.784
LAR59 - 4.d,LAR59,4,1338,14.05,1.44,0.149,0.038,2792,2.357
LAR59 - 5.d,LAR59,5,1228,14.73,1.42,0.065,0.0324,3146,3.016
LAR60 - 1.d,LAR60,1,1902,28.29,1.24,0.18,0.0488,1964,15.66
LAR60 - 2.d,LAR60,2,1745,21.62,1.24,0.064,0.0404,1975,24.84
LAR60 - 3.d,LAR60,3,1513,17.74,1.17,0.081,0.0594,2574,3.337
LAR60 - 4.d,LAR60,4,1352,16.44,1.27,0.076,0.051,2785,2.612
LAR61 - 1.d,LAR61,1,2977,73.4,1.23,0.189,0.0496,2169,1.691
LAR61 - 10.d,LAR61,1,1230,14.49,1.1,0.396,0.0445,2641,0.597
LAR61 - 11.d,LAR61,1,1248,14.25,1.45,0.23,0.0405,2629,0.62
LAR61 - 2.d,LAR61,2,1625,18.22,1.25,0.096,0.0438,2372,1.228
LAR61 - 3.d,LAR61,3,1507,18.06,1.2,0.095,0.0567,2899,1.434
LAR61 - 4.d,LAR61,4,1452,17.38,0.95,0.104,0.0473,3208,1.294
LAR61 - 5.d,LAR61,5,1463,17.02,1.39,0.104,0.0508,3125,1.301
LAR61 - 6.d,LAR61,6,1611,16.82,1.52,0.125,0.0719,3071,1.25
LAR61 - 7.d,LAR61,7,1271,16.57,1.31,0.167,0.04,2854,0.86
LAR61 - 8.d,LAR61,8,1300,15.66,1.03,0.448,0.0434,2535,0.653
LAR61 - 9.d,LAR61,9,1202,15.66,1.08,0.849,0.0426,2590,0.681
LAR62 - 1.d,LAR62,1,2129,30.4,0.92,0.17,0.0464,2396,1.153
LAR62 - 10.d,LAR62,1,1436,13.83,0.89,0.072,0.0379,2894,0.86
LAR62 - 2.d,LAR62,2,1963,20.39,1.04,0.191,0.0431,2635,1.395
LAR62 - 3.d,LAR62,3,1643,15.05,0.71,0.088,0.0485,2804,1.709
LAR62 - 4.d,LAR62,4,1388,12.49,1.2,0.12,0.0412,3791,1.198
LAR62 - 5.d,LAR62,5,1567,12.67,1.3,0.147,0.0511,2706,1.511
LAR62 - 6.d,LAR62,6,1575,13.17,1.1,0.088,0.0486,2300,1.165
LAR62 - 7.d,LAR62,7,1478,13.21,1.04,0.078,0.0429,2393,0.945
LAR62 - 8.d,LAR62,8,1444,12.96,1.23,0.09,0.0456,2722,0.894
LAR62 - 9.d,LAR62,9,1425,12.99,1.08,0.08,0.036,2918,0.841
LAR63 - 1.d,LAR63,1,2246,35.49,1.43,0.127,0.0511,2311,5.588
LAR63 - 2.d,LAR63,2,2623,42.42,1.3,0.266,0.0468,1771,3.36
LAR63 - 3.d,LAR63,3,1629,20.61,0.95,0.106,0.0324,2529,3.948
LAR63 - 4.d,LAR63,4,1618,16.9,1.23,0.069,0.0325,2360,2.069
LAR63 - 5.d,LAR63,5,1254,17.62,1.32,0.106,0.0309,3050,5.53
LAR63 - 6.d,LAR63,6,1129,16.41,1.17,0.098,0.0311,3039,6.41
LAR63 - 7.d,LAR63,7,1290,14.42,1.21,0.072,0.0383,2891,1.235
LAR63 - 8.d,LAR63,8,1332,13.75,0.88,0.069,0.0447,2903,1.128
LAR64 - 1.d,LAR64,1,1784,23.19,0.76,0.113,0.0162,2293,1.699
LAR64 - 10.d,LAR64,1,1307,16.24,0.69,0.274,0.0231,2690,1.139
LAR64 - 11.d,LAR64,1,1349,15.18,0.91,0.393,0.0267,2683,1.097
LAR64 - 12.d,LAR64,1,1359,15.38,0.99,0.305,0.0254,2740,1.143
LAR64 - 13.d,LAR64,1,1428,14.71,1,0.163,0.0287,2775,1.188
LAR64 - 14.d,LAR64,1,1373,15.14,1.05,0.161,0.0261,2762,1.1
LAR64 - 15.d,LAR64,1,1473,14.59,0.82,0.159,0.0313,2691,1.072
LAR64 - 16.d,LAR64,1,1347,23.51,0.73,0.185,0.0315,2900,1.183
LAR64 - 2.d,LAR64,2,1517,36.06,0.89,0.523,0.0299,2930,14.13
LAR64 - 3.d,LAR64,3,1484,37.58,0.79,0.346,0.0225,2646,2.855
LAR64 - 4.d,LAR64,4,1302,27.81,0.85,0.314,0.0283,2708,1.472
LAR64 - 5.d,LAR64,5,1244,24.68,1.22,0.234,0.0315,2856,1.299
LAR64 - 6.d,LAR64,6,1253,24.66,1.11,0.291,0.0228,2710,1.373
LAR64 - 7.d,LAR64,7,1272,23.97,1.14,0.395,0.0283,2541,1.198
LAR64 - 8.d,LAR64,8,1286,22.61,1.03,0.483,0.0269,2634,1.156
LAR64 - 9.d,LAR64,9,1221,16.79,0.92,0.139,0.0239,2687,1.083
LAR65 - 1.d,LAR65,1,2134,29.77,0.88,0.125,0.047,3732,28.29
LAR65 - 2.d,LAR65,2,2195,32.52,0.97,0.314,0.0464,2254,2.433
LAR65 - 3.d,LAR65,3,1611,18.78,0.98,0.1,0.0367,4123,11.96
LAR65 - 4.d,LAR65,4,1450,16.67,1.12,0.066,0.0366,2850,1.993
LAR65 - 5.d,LAR65,5,1445,16.22,1.07,0.073,0.0332,3294,6.02
LAR65 - 6.d,LAR65,6,1529,15.85,0.83,0.088,0.0364,2726,5.04
LAR65 - 7.d,LAR65,7,1440,16.7,1.19,0.082,0.0395,3054,2.971
LAR65 - 8.d,LAR65,8,1400,16.1,0.87,0.067,0.0346,3005,2.181
LAR65 - 9.d,LAR65,9,1315,19.32,1.06,0.062,0.0338,2829,1.483
LAR66 - 1.d,LAR66,1,2071,29.51,1.04,0.099,0.0391,2361,3.857
LAR66 - 10.d,LAR66,1,1003,15.86,1.17,0.089,0.0216,2937,18.52
LAR66 - 11.d,LAR66,1,1058,15.47,1.03,0.092,0.0261,3040,6.93
LAR66 - 12.d,LAR66,1,1203,16.95,1.22,0.103,0.0314,2905,8.94
LAR66 - 2.d,LAR66,2,1937,21.69,1.1,0.121,0.0349,2656,6.46
LAR66 - 3.d,LAR66,3,1321,15.36,0.89,0.124,0.0396,2546,31.27
LAR66 - 4.d,LAR66,4,1260,15.88,1.06,0.093,0.036,2800,67.5
LAR66 - 5.d,LAR66,5,1201,15.17,1.19,0.07,0.0343,2534,21.77
LAR66 - 6.d,LAR66,6,1179,14.82,0.99,0.058,0.0317,2864,11.42
LAR66 - 7.d,LAR66,7,1130,14.71,0.91,0.073,0.0285,2422,20.86
LAR66 - 8.d,LAR66,8,1314,15.47,0.9,0.072,0.0411,2610,21.37
LAR66 - 9.d,LAR66,9,1053,15.36,1.2,0.063,0.0261,2462,25
LAR67 - 1.d,LAR67,1,2022,29.81,1.26,1.84,0.0445,2368,2.861
LAR67 - 2.d,LAR67,2,2157,28.9,0.84,0.429,0.0404,2457,3.442
LAR67 - 3.d,LAR67,3,1789,19.99,0.93,0.384,0.0355,2980,2.969
LAR67 - 4.d,LAR67,4,1539,19.66,0.81,0.318,0.0271,3199,2.637
LAR67 - 5.d,LAR67,5,1441,18.61,1.08,0.578,0.0279,3542,10.4
LAR67 - 6.d,LAR67,6,1434,17.32,1.11,0.513,0.0308,3558,4.205
LAR67 - 7.d,LAR67,7,1428,19.23,0.94,0.112,0.0203,3196,4.228
LAR67 - 8.d,LAR67,8,1383,18.22,0.85,0.544,0.0235,3448,4.849
LAR67 - 9.d,LAR67,9,1322,18.74,1.34,0.302,0.0269,3254,7.7
LAR68 - 1.d,LAR68,1,2155,34,1.02,0.388,0.0574,3237,293.3
LAR68 - 2.d,LAR68,2,1902,20.64,1.17,0.164,0.0509,2750,52.3
LAR68 - 3.d,LAR68,3,1582,19.66,1.19,0.162,0.041,3277,35.08
LAR68 - 4.d,LAR68,4,1520,16.55,0.94,0.28,0.0362,3081,11.73
LAR68 - 5.d,LAR68,5,1437,18.45,1.05,0.128,0.0351,3548,15.98
LAR68 - 6.d,LAR68,6,1468,16.13,1.13,0.195,0.0347,3072,8.16
LAR68 - 7.d,LAR68,7,1508,18.02,0.82,0.321,0.0399,2974,6.531
LAR68 - 8.d,LAR68,8,1423,17.77,1.1,0.09,0.0327,2678,21.85
LAR68 - 9.d,LAR68,9,1362,16.04,1.11,0.104,0.029,3134,6.51